url,slug,ecosystem,cluster,pillar_slug,sibling_recommendations,cross_cluster_targets
https://lonage.com/menopause-blood-sugar-why-every-woman-should-know/,menopause-blood-sugar-why-every-woman-should-know,Menopause,Metabolic health,menopause-blood-sugar-why-every-woman-should-know,best-supplements-for-menopause-belly-fat | menopause-after-50 | menopause-diet-5-day-plan-lose-weight,weight-loss-after-60 | how-to-start-strength-training-after-50
https://lonage.com/weight-loss-after-60/,weight-loss-after-60,Healthy aging,Metabolic health,weight-loss-after-60,metabolism-changes-after-60 | skincare-anti-aging-products-women-over-50 | anti-aging-facial,menopause-blood-sugar-why-every-woman-should-know | how-to-start-strength-training-after-50
https://lonage.com/best-supplements-for-menopause-belly-fat/,best-supplements-for-menopause-belly-fat,Menopause,Nutrition strategy,menopause-blood-sugar-why-every-woman-should-know,menopause-blood-sugar-why-every-woman-should-know | menopause-after-50 | menopause-diet-5-day-plan-lose-weight,weight-loss-after-60 | how-to-start-strength-training-after-50
https://lonage.com/menopause-after-50/,menopause-after-50,Menopause,General guidance,menopause-blood-sugar-why-every-woman-should-know,menopause-blood-sugar-why-every-woman-should-know | best-supplements-for-menopause-belly-fat | menopause-diet-5-day-plan-lose-weight,weight-loss-after-60 | how-to-start-strength-training-after-50
https://lonage.com/menopause-diet-5-day-plan-lose-weight/,menopause-diet-5-day-plan-lose-weight,Menopause,Nutrition strategy,menopause-blood-sugar-why-every-woman-should-know,menopause-blood-sugar-why-every-woman-should-know | best-supplements-for-menopause-belly-fat | menopause-after-50,weight-loss-after-60 | how-to-start-strength-training-after-50
https://lonage.com/weight-loss-after-menopause-surprise-foods-to-avoid/,weight-loss-after-menopause-surprise-foods-to-avoid,Menopause,Nutrition strategy,menopause-blood-sugar-why-every-woman-should-know,menopause-blood-sugar-why-every-woman-should-know | best-supplements-for-menopause-belly-fat | menopause-after-50,weight-loss-after-60 | how-to-start-strength-training-after-50
https://lonage.com/metabolism-changes-after-60/,metabolism-changes-after-60,Healthy aging,Metabolic health,weight-loss-after-60,weight-loss-after-60 | skincare-anti-aging-products-women-over-50 | anti-aging-facial,menopause-blood-sugar-why-every-woman-should-know | how-to-start-strength-training-after-50
https://lonage.com/how-to-start-strength-training-after-50/,how-to-start-strength-training-after-50,Fitness,Strength & movement,how-to-start-strength-training-after-50,strength-training-women-over-60 | chair-sitting-exercise-for-belly-fat | strength-training-women-50,menopause-blood-sugar-why-every-woman-should-know | weight-loss-after-60
https://lonage.com/strength-training-women-over-60/,strength-training-women-over-60,Fitness,Strength & movement,how-to-start-strength-training-after-50,how-to-start-strength-training-after-50 | chair-sitting-exercise-for-belly-fat | strength-training-women-50,menopause-blood-sugar-why-every-woman-should-know | weight-loss-after-60
https://lonage.com/chair-sitting-exercise-for-belly-fat/,chair-sitting-exercise-for-belly-fat,Fitness,Strength & movement,how-to-start-strength-training-after-50,how-to-start-strength-training-after-50 | strength-training-women-over-60 | strength-training-women-50,menopause-blood-sugar-why-every-woman-should-know | weight-loss-after-60
https://lonage.com/how-to-lose-weight-during-menopause/,how-to-lose-weight-during-menopause,Menopause,General guidance,menopause-blood-sugar-why-every-woman-should-know,menopause-blood-sugar-why-every-woman-should-know | best-supplements-for-menopause-belly-fat | menopause-after-50,weight-loss-after-60 | how-to-start-strength-training-after-50
https://lonage.com/supplements-for-perimenopause/,supplements-for-perimenopause,Menopause,Nutrition strategy,menopause-blood-sugar-why-every-woman-should-know,menopause-blood-sugar-why-every-woman-should-know | best-supplements-for-menopause-belly-fat | menopause-after-50,weight-loss-after-60 | how-to-start-strength-training-after-50
https://lonage.com/vital-vitamins-women-50-breakfast/,vital-vitamins-women-50-breakfast,Women's wellness,Nutrition strategy,vital-vitamins-women-50-breakfast,makeup-tutorial-for-women-over-50 | skin-care-guide-for-women-over-50 | vitamin-b12-and-b-complex-for-women-50,menopause-blood-sugar-why-every-woman-should-know | weight-loss-after-60
https://lonage.com/makeup-tutorial-for-women-over-50/,makeup-tutorial-for-women-over-50,Women's wellness,Beauty & wellness,vital-vitamins-women-50-breakfast,vital-vitamins-women-50-breakfast | skin-care-guide-for-women-over-50 | vitamin-b12-and-b-complex-for-women-50,menopause-blood-sugar-why-every-woman-should-know | weight-loss-after-60
https://lonage.com/skincare-anti-aging-products-women-over-50/,skincare-anti-aging-products-women-over-50,Healthy aging,Beauty & wellness,weight-loss-after-60,weight-loss-after-60 | metabolism-changes-after-60 | anti-aging-facial,menopause-blood-sugar-why-every-woman-should-know | how-to-start-strength-training-after-50
https://lonage.com/anti-aging-facial/,anti-aging-facial,Healthy aging,Beauty & wellness,weight-loss-after-60,weight-loss-after-60 | metabolism-changes-after-60 | skincare-anti-aging-products-women-over-50,menopause-blood-sugar-why-every-woman-should-know | how-to-start-strength-training-after-50
https://lonage.com/skin-care-guide-for-women-over-50/,skin-care-guide-for-women-over-50,Women's wellness,Beauty & wellness,vital-vitamins-women-50-breakfast,vital-vitamins-women-50-breakfast | makeup-tutorial-for-women-over-50 | vitamin-b12-and-b-complex-for-women-50,menopause-blood-sugar-why-every-woman-should-know | weight-loss-after-60
https://lonage.com/what-to-eat-after-50/,what-to-eat-after-50,Healthy aging,Nutrition strategy,weight-loss-after-60,weight-loss-after-60 | metabolism-changes-after-60 | skincare-anti-aging-products-women-over-50,menopause-blood-sugar-why-every-woman-should-know | how-to-start-strength-training-after-50
https://lonage.com/high-volume-low-calorie-snacks/,high-volume-low-calorie-snacks,Nutrition,Nutrition strategy,high-volume-low-calorie-snacks,7-day-diet-plan-hashimotos-disease | diet-protocols | mediterranean-diet-breakfast,menopause-blood-sugar-why-every-woman-should-know | weight-loss-after-60
https://lonage.com/7-day-diet-plan-hashimotos-disease/,7-day-diet-plan-hashimotos-disease,Nutrition,Nutrition strategy,high-volume-low-calorie-snacks,high-volume-low-calorie-snacks | diet-protocols | mediterranean-diet-breakfast,menopause-blood-sugar-why-every-woman-should-know | weight-loss-after-60
https://lonage.com/vitamin-b12-and-b-complex-for-women-50/,vitamin-b12-and-b-complex-for-women-50,Women's wellness,Nutrition strategy,vital-vitamins-women-50-breakfast,vital-vitamins-women-50-breakfast | makeup-tutorial-for-women-over-50 | skin-care-guide-for-women-over-50,menopause-blood-sugar-why-every-woman-should-know | weight-loss-after-60
https://lonage.com/vitamin-d-and-calcium-after-50/,vitamin-d-and-calcium-after-50,Healthy aging,Nutrition strategy,weight-loss-after-60,weight-loss-after-60 | metabolism-changes-after-60 | skincare-anti-aging-products-women-over-50,menopause-blood-sugar-why-every-woman-should-know | how-to-start-strength-training-after-50
https://lonage.com/natural-sources-of-b12-for-women-over-50/,natural-sources-of-b12-for-women-over-50,Healthy aging,General guidance,weight-loss-after-60,weight-loss-after-60 | metabolism-changes-after-60 | skincare-anti-aging-products-women-over-50,menopause-blood-sugar-why-every-woman-should-know | how-to-start-strength-training-after-50
https://lonage.com/how-much-vitamin-d-should-a-menopausal-woman-take/,how-much-vitamin-d-should-a-menopausal-woman-take,Healthy aging,Nutrition strategy,weight-loss-after-60,weight-loss-after-60 | metabolism-changes-after-60 | skincare-anti-aging-products-women-over-50,menopause-blood-sugar-why-every-woman-should-know | how-to-start-strength-training-after-50
https://lonage.com/supplements-for-menopause-joint-pain/,supplements-for-menopause-joint-pain,Menopause,Nutrition strategy,menopause-blood-sugar-why-every-woman-should-know,menopause-blood-sugar-why-every-woman-should-know | best-supplements-for-menopause-belly-fat | menopause-after-50,weight-loss-after-60 | how-to-start-strength-training-after-50
https://lonage.com/7-natural-menopause-treatments-that-really-work/,7-natural-menopause-treatments-that-really-work,Menopause,Nutrition strategy,menopause-blood-sugar-why-every-woman-should-know,menopause-blood-sugar-why-every-woman-should-know | best-supplements-for-menopause-belly-fat | menopause-after-50,weight-loss-after-60 | how-to-start-strength-training-after-50
https://lonage.com/best-time-to-take-vitamin-d3-and-k2/,best-time-to-take-vitamin-d3-and-k2,Healthy aging,Nutrition strategy,weight-loss-after-60,weight-loss-after-60 | metabolism-changes-after-60 | skincare-anti-aging-products-women-over-50,menopause-blood-sugar-why-every-woman-should-know | how-to-start-strength-training-after-50
https://lonage.com/supplements-menopause-joint-pain-relief/,supplements-menopause-joint-pain-relief,Recovery,Nutrition strategy,supplements-menopause-joint-pain-relief,how-to-stop-joint-pain-when-it-rains,menopause-blood-sugar-why-every-woman-should-know | weight-loss-after-60
https://lonage.com/magnesium-for-menopause/,magnesium-for-menopause,Menopause,Nutrition strategy,menopause-blood-sugar-why-every-woman-should-know,menopause-blood-sugar-why-every-woman-should-know | best-supplements-for-menopause-belly-fat | menopause-after-50,weight-loss-after-60 | how-to-start-strength-training-after-50
https://lonage.com/menopause-insomnia-help/,menopause-insomnia-help,Menopause,Sleep optimization,menopause-blood-sugar-why-every-woman-should-know,menopause-blood-sugar-why-every-woman-should-know | best-supplements-for-menopause-belly-fat | menopause-after-50,weight-loss-after-60 | how-to-start-strength-training-after-50
https://lonage.com/how-to-radiant-at-every-age-your-ultimate-skin-care-routine-for-women-over-50/,how-to-radiant-at-every-age-your-ultimate-skin-care-routine-for-women-over-50,Healthy aging,Beauty & wellness,weight-loss-after-60,weight-loss-after-60 | metabolism-changes-after-60 | skincare-anti-aging-products-women-over-50,menopause-blood-sugar-why-every-woman-should-know | how-to-start-strength-training-after-50
https://lonage.com/how-to-apply-makeup-over-50/,how-to-apply-makeup-over-50,Healthy aging,Beauty & wellness,weight-loss-after-60,weight-loss-after-60 | metabolism-changes-after-60 | skincare-anti-aging-products-women-over-50,menopause-blood-sugar-why-every-woman-should-know | how-to-start-strength-training-after-50
https://lonage.com/fine-hair-vs-thinning-hair-over-60/,fine-hair-vs-thinning-hair-over-60,Healthy aging,Beauty & wellness,weight-loss-after-60,weight-loss-after-60 | metabolism-changes-after-60 | skincare-anti-aging-products-women-over-50,menopause-blood-sugar-why-every-woman-should-know | how-to-start-strength-training-after-50
https://lonage.com/can-menopause-cause-nausea/,can-menopause-cause-nausea,Menopause,General guidance,menopause-blood-sugar-why-every-woman-should-know,menopause-blood-sugar-why-every-woman-should-know | best-supplements-for-menopause-belly-fat | menopause-after-50,weight-loss-after-60 | how-to-start-strength-training-after-50
https://lonage.com/signs-of-vitamin-deficiency/,signs-of-vitamin-deficiency,Healthy aging,Nutrition strategy,weight-loss-after-60,weight-loss-after-60 | metabolism-changes-after-60 | skincare-anti-aging-products-women-over-50,menopause-blood-sugar-why-every-woman-should-know | how-to-start-strength-training-after-50
https://lonage.com/luxury-solo-vacations/,luxury-solo-vacations,Healthy aging,General guidance,weight-loss-after-60,weight-loss-after-60 | metabolism-changes-after-60 | skincare-anti-aging-products-women-over-50,menopause-blood-sugar-why-every-woman-should-know | how-to-start-strength-training-after-50
https://lonage.com/natural-anti-aging-methods-women-over-50/,natural-anti-aging-methods-women-over-50,Healthy aging,General guidance,weight-loss-after-60,weight-loss-after-60 | metabolism-changes-after-60 | skincare-anti-aging-products-women-over-50,menopause-blood-sugar-why-every-woman-should-know | how-to-start-strength-training-after-50
https://lonage.com/the-blueprint-for-blue-zone-nutrition/,the-blueprint-for-blue-zone-nutrition,Healthy aging,General guidance,weight-loss-after-60,weight-loss-after-60 | metabolism-changes-after-60 | skincare-anti-aging-products-women-over-50,menopause-blood-sugar-why-every-woman-should-know | how-to-start-strength-training-after-50
https://lonage.com/menopause-you-how-to-thrive-with-energy-confidence-and-vitality-at-50/,menopause-you-how-to-thrive-with-energy-confidence-and-vitality-at-50,Menopause,General guidance,menopause-blood-sugar-why-every-woman-should-know,menopause-blood-sugar-why-every-woman-should-know | best-supplements-for-menopause-belly-fat | menopause-after-50,weight-loss-after-60 | how-to-start-strength-training-after-50
https://lonage.com/menopause-fatigue/,menopause-fatigue,Menopause,General guidance,menopause-blood-sugar-why-every-woman-should-know,menopause-blood-sugar-why-every-woman-should-know | best-supplements-for-menopause-belly-fat | menopause-after-50,weight-loss-after-60 | how-to-start-strength-training-after-50
https://lonage.com/hot-flashes-during-menopause-what-you-need-to-know/,hot-flashes-during-menopause-what-you-need-to-know,Menopause,General guidance,menopause-blood-sugar-why-every-woman-should-know,menopause-blood-sugar-why-every-woman-should-know | best-supplements-for-menopause-belly-fat | menopause-after-50,weight-loss-after-60 | how-to-start-strength-training-after-50
https://lonage.com/can-you-get-pregnant-during-perimenopause/,can-you-get-pregnant-during-perimenopause,Menopause,General guidance,menopause-blood-sugar-why-every-woman-should-know,menopause-blood-sugar-why-every-woman-should-know | best-supplements-for-menopause-belly-fat | menopause-after-50,weight-loss-after-60 | how-to-start-strength-training-after-50
https://lonage.com/what-are-the-34-symptoms-of-postmenopausal/,what-are-the-34-symptoms-of-postmenopausal,Healthy aging,General guidance,weight-loss-after-60,weight-loss-after-60 | metabolism-changes-after-60 | skincare-anti-aging-products-women-over-50,menopause-blood-sugar-why-every-woman-should-know | how-to-start-strength-training-after-50
https://lonage.com/acne-and-menopause-hormone/,acne-and-menopause-hormone,Menopause,General guidance,menopause-blood-sugar-why-every-woman-should-know,menopause-blood-sugar-why-every-woman-should-know | best-supplements-for-menopause-belly-fat | menopause-after-50,weight-loss-after-60 | how-to-start-strength-training-after-50
https://lonage.com/life-beyond-menopause-vibrant-chapter/,life-beyond-menopause-vibrant-chapter,Menopause,General guidance,menopause-blood-sugar-why-every-woman-should-know,menopause-blood-sugar-why-every-woman-should-know | best-supplements-for-menopause-belly-fat | menopause-after-50,weight-loss-after-60 | how-to-start-strength-training-after-50
https://lonage.com/diet-protocols/,diet-protocols,Nutrition,Nutrition strategy,high-volume-low-calorie-snacks,high-volume-low-calorie-snacks | 7-day-diet-plan-hashimotos-disease | mediterranean-diet-breakfast,menopause-blood-sugar-why-every-woman-should-know | weight-loss-after-60
https://lonage.com/perimenopause-vs-menopause-and-postmenopause/,perimenopause-vs-menopause-and-postmenopause,Menopause,General guidance,menopause-blood-sugar-why-every-woman-should-know,menopause-blood-sugar-why-every-woman-should-know | best-supplements-for-menopause-belly-fat | menopause-after-50,weight-loss-after-60 | how-to-start-strength-training-after-50
https://lonage.com/off-peak-travel-destinations-for-over-60/,off-peak-travel-destinations-for-over-60,Healthy aging,General guidance,weight-loss-after-60,weight-loss-after-60 | metabolism-changes-after-60 | skincare-anti-aging-products-women-over-50,menopause-blood-sugar-why-every-woman-should-know | how-to-start-strength-training-after-50
https://lonage.com/natural-remedies-for-dizziness-during-menopause/,natural-remedies-for-dizziness-during-menopause,Menopause,General guidance,menopause-blood-sugar-why-every-woman-should-know,menopause-blood-sugar-why-every-woman-should-know | best-supplements-for-menopause-belly-fat | menopause-after-50,weight-loss-after-60 | how-to-start-strength-training-after-50
https://lonage.com/singles-resorts/,singles-resorts,Healthy aging,General guidance,weight-loss-after-60,weight-loss-after-60 | metabolism-changes-after-60 | skincare-anti-aging-products-women-over-50,menopause-blood-sugar-why-every-woman-should-know | how-to-start-strength-training-after-50
https://lonage.com/single-travel-groups-over-50/,single-travel-groups-over-50,Healthy aging,General guidance,weight-loss-after-60,weight-loss-after-60 | metabolism-changes-after-60 | skincare-anti-aging-products-women-over-50,menopause-blood-sugar-why-every-woman-should-know | how-to-start-strength-training-after-50
https://lonage.com/improve-sleep-naturally-after-50/,improve-sleep-naturally-after-50,Healthy aging,Sleep optimization,weight-loss-after-60,weight-loss-after-60 | metabolism-changes-after-60 | skincare-anti-aging-products-women-over-50,menopause-blood-sugar-why-every-woman-should-know | how-to-start-strength-training-after-50
https://lonage.com/age-gracefully/,age-gracefully,Healthy aging,General guidance,weight-loss-after-60,weight-loss-after-60 | metabolism-changes-after-60 | skincare-anti-aging-products-women-over-50,menopause-blood-sugar-why-every-woman-should-know | how-to-start-strength-training-after-50
https://lonage.com/healthy-aging-women-over-50/,healthy-aging-women-over-50,Healthy aging,General guidance,weight-loss-after-60,weight-loss-after-60 | metabolism-changes-after-60 | skincare-anti-aging-products-women-over-50,menopause-blood-sugar-why-every-woman-should-know | how-to-start-strength-training-after-50
https://lonage.com/what-drinks-are-good-for-menopause-symptoms/,what-drinks-are-good-for-menopause-symptoms,Menopause,General guidance,menopause-blood-sugar-why-every-woman-should-know,menopause-blood-sugar-why-every-woman-should-know | best-supplements-for-menopause-belly-fat | menopause-after-50,weight-loss-after-60 | how-to-start-strength-training-after-50
https://lonage.com/what-is-the-hardest-stage-of-menopause/,what-is-the-hardest-stage-of-menopause,Menopause,General guidance,menopause-blood-sugar-why-every-woman-should-know,menopause-blood-sugar-why-every-woman-should-know | best-supplements-for-menopause-belly-fat | menopause-after-50,weight-loss-after-60 | how-to-start-strength-training-after-50
https://lonage.com/calcium-for-women-over-50/,calcium-for-women-over-50,Healthy aging,General guidance,weight-loss-after-60,weight-loss-after-60 | metabolism-changes-after-60 | skincare-anti-aging-products-women-over-50,menopause-blood-sugar-why-every-woman-should-know | how-to-start-strength-training-after-50
https://lonage.com/sleep-temperature-regulation-women-over-50/,sleep-temperature-regulation-women-over-50,Healthy aging,Sleep optimization,weight-loss-after-60,weight-loss-after-60 | metabolism-changes-after-60 | skincare-anti-aging-products-women-over-50,menopause-blood-sugar-why-every-woman-should-know | how-to-start-strength-training-after-50
https://lonage.com/does-progesterone-cause-weight-gain-in-menopause/,does-progesterone-cause-weight-gain-in-menopause,Menopause,General guidance,menopause-blood-sugar-why-every-woman-should-know,menopause-blood-sugar-why-every-woman-should-know | best-supplements-for-menopause-belly-fat | menopause-after-50,weight-loss-after-60 | how-to-start-strength-training-after-50
https://lonage.com/full-body-workout-for-women-over-50/,full-body-workout-for-women-over-50,Healthy aging,Strength & movement,weight-loss-after-60,weight-loss-after-60 | metabolism-changes-after-60 | skincare-anti-aging-products-women-over-50,menopause-blood-sugar-why-every-woman-should-know | how-to-start-strength-training-after-50
https://lonage.com/gut-health-and-inflammation-after-50/,gut-health-and-inflammation-after-50,Healthy aging,General guidance,weight-loss-after-60,weight-loss-after-60 | metabolism-changes-after-60 | skincare-anti-aging-products-women-over-50,menopause-blood-sugar-why-every-woman-should-know | how-to-start-strength-training-after-50
https://lonage.com/how-to-treat-dry-hair-during-menopause/,how-to-treat-dry-hair-during-menopause,Menopause,Nutrition strategy,menopause-blood-sugar-why-every-woman-should-know,menopause-blood-sugar-why-every-woman-should-know | best-supplements-for-menopause-belly-fat | menopause-after-50,weight-loss-after-60 | how-to-start-strength-training-after-50
https://lonage.com/solo-road-trip-after-50/,solo-road-trip-after-50,Healthy aging,General guidance,weight-loss-after-60,weight-loss-after-60 | metabolism-changes-after-60 | skincare-anti-aging-products-women-over-50,menopause-blood-sugar-why-every-woman-should-know | how-to-start-strength-training-after-50
https://lonage.com/do-women-over-50-need-a-multivitamin-how-to-choose-a-safe-50-formula/,do-women-over-50-need-a-multivitamin-how-to-choose-a-safe-50-formula,Healthy aging,Nutrition strategy,weight-loss-after-60,weight-loss-after-60 | metabolism-changes-after-60 | skincare-anti-aging-products-women-over-50,menopause-blood-sugar-why-every-woman-should-know | how-to-start-strength-training-after-50
https://lonage.com/3-best-exercises-to-lose-belly-fat-after-50-that-actually-work/,3-best-exercises-to-lose-belly-fat-after-50-that-actually-work,Healthy aging,Strength & movement,weight-loss-after-60,weight-loss-after-60 | metabolism-changes-after-60 | skincare-anti-aging-products-women-over-50,menopause-blood-sugar-why-every-woman-should-know | how-to-start-strength-training-after-50
https://lonage.com/bone-health-supplements-for-senior/,bone-health-supplements-for-senior,Healthy aging,Nutrition strategy,weight-loss-after-60,weight-loss-after-60 | metabolism-changes-after-60 | skincare-anti-aging-products-women-over-50,menopause-blood-sugar-why-every-woman-should-know | how-to-start-strength-training-after-50
https://lonage.com/why-sleep-problems-increase-after-age-50/,why-sleep-problems-increase-after-age-50,Healthy aging,Sleep optimization,weight-loss-after-60,weight-loss-after-60 | metabolism-changes-after-60 | skincare-anti-aging-products-women-over-50,menopause-blood-sugar-why-every-woman-should-know | how-to-start-strength-training-after-50
https://lonage.com/mediterranean-diet-breakfast/,mediterranean-diet-breakfast,Nutrition,Nutrition strategy,high-volume-low-calorie-snacks,high-volume-low-calorie-snacks | 7-day-diet-plan-hashimotos-disease | diet-protocols,menopause-blood-sugar-why-every-woman-should-know | weight-loss-after-60
https://lonage.com/four-powerful-habits-healthier-aging/,four-powerful-habits-healthier-aging,Healthy aging,General guidance,weight-loss-after-60,weight-loss-after-60 | metabolism-changes-after-60 | skincare-anti-aging-products-women-over-50,menopause-blood-sugar-why-every-woman-should-know | how-to-start-strength-training-after-50
https://lonage.com/what-it-means-when-you-sleep-enough-but-still-feel-tired-after-50/,what-it-means-when-you-sleep-enough-but-still-feel-tired-after-50,Healthy aging,Sleep optimization,weight-loss-after-60,weight-loss-after-60 | metabolism-changes-after-60 | skincare-anti-aging-products-women-over-50,menopause-blood-sugar-why-every-woman-should-know | how-to-start-strength-training-after-50
https://lonage.com/how-to-lose-50-pounds-in-3-months/,how-to-lose-50-pounds-in-3-months,Healthy aging,General guidance,weight-loss-after-60,weight-loss-after-60 | metabolism-changes-after-60 | skincare-anti-aging-products-women-over-50,menopause-blood-sugar-why-every-woman-should-know | how-to-start-strength-training-after-50
https://lonage.com/morning-rituals-transform-mindset-after-50/,morning-rituals-transform-mindset-after-50,Healthy aging,General guidance,weight-loss-after-60,weight-loss-after-60 | metabolism-changes-after-60 | skincare-anti-aging-products-women-over-50,menopause-blood-sugar-why-every-woman-should-know | how-to-start-strength-training-after-50
https://lonage.com/sleep-weight-loss-women-over-60/,sleep-weight-loss-women-over-60,Healthy aging,Sleep optimization,weight-loss-after-60,weight-loss-after-60 | metabolism-changes-after-60 | skincare-anti-aging-products-women-over-50,menopause-blood-sugar-why-every-woman-should-know | how-to-start-strength-training-after-50
https://lonage.com/protein-intake-for-muscle-mass-after-50/,protein-intake-for-muscle-mass-after-50,Healthy aging,General guidance,weight-loss-after-60,weight-loss-after-60 | metabolism-changes-after-60 | skincare-anti-aging-products-women-over-50,menopause-blood-sugar-why-every-woman-should-know | how-to-start-strength-training-after-50
https://lonage.com/shoulder-taps-for-women-over-50-neck-friendly-core/,shoulder-taps-for-women-over-50-neck-friendly-core,Healthy aging,General guidance,weight-loss-after-60,weight-loss-after-60 | metabolism-changes-after-60 | skincare-anti-aging-products-women-over-50,menopause-blood-sugar-why-every-woman-should-know | how-to-start-strength-training-after-50
https://lonage.com/quick-relief-bloating-after-50/,quick-relief-bloating-after-50,Healthy aging,General guidance,weight-loss-after-60,weight-loss-after-60 | metabolism-changes-after-60 | skincare-anti-aging-products-women-over-50,menopause-blood-sugar-why-every-woman-should-know | how-to-start-strength-training-after-50
https://lonage.com/the-gaps-diet-protocol/,the-gaps-diet-protocol,Nutrition,Nutrition strategy,high-volume-low-calorie-snacks,high-volume-low-calorie-snacks | 7-day-diet-plan-hashimotos-disease | diet-protocols,menopause-blood-sugar-why-every-woman-should-know | weight-loss-after-60
https://lonage.com/probiotics-for-menopause/,probiotics-for-menopause,Menopause,General guidance,menopause-blood-sugar-why-every-woman-should-know,menopause-blood-sugar-why-every-woman-should-know | best-supplements-for-menopause-belly-fat | menopause-after-50,weight-loss-after-60 | how-to-start-strength-training-after-50
https://lonage.com/how-age-hormones-and-diet-affect-the-skin/,how-age-hormones-and-diet-affect-the-skin,Healthy aging,Nutrition strategy,weight-loss-after-60,weight-loss-after-60 | metabolism-changes-after-60 | skincare-anti-aging-products-women-over-50,menopause-blood-sugar-why-every-woman-should-know | how-to-start-strength-training-after-50
https://lonage.com/what-to-do-for-dry-skin-after-menopause/,what-to-do-for-dry-skin-after-menopause,Menopause,Beauty & wellness,menopause-blood-sugar-why-every-woman-should-know,menopause-blood-sugar-why-every-woman-should-know | best-supplements-for-menopause-belly-fat | menopause-after-50,weight-loss-after-60 | how-to-start-strength-training-after-50
https://lonage.com/superfoods-balance-hormones-naturally-after-50/,superfoods-balance-hormones-naturally-after-50,Healthy aging,Nutrition strategy,weight-loss-after-60,weight-loss-after-60 | metabolism-changes-after-60 | skincare-anti-aging-products-women-over-50,menopause-blood-sugar-why-every-woman-should-know | how-to-start-strength-training-after-50
https://lonage.com/eye-makeup-for-women-50/,eye-makeup-for-women-50,Women's wellness,Beauty & wellness,vital-vitamins-women-50-breakfast,vital-vitamins-women-50-breakfast | makeup-tutorial-for-women-over-50 | skin-care-guide-for-women-over-50,menopause-blood-sugar-why-every-woman-should-know | weight-loss-after-60
https://lonage.com/healthy-aging-adding-life-to-your-years/,healthy-aging-adding-life-to-your-years,Healthy aging,General guidance,weight-loss-after-60,weight-loss-after-60 | metabolism-changes-after-60 | skincare-anti-aging-products-women-over-50,menopause-blood-sugar-why-every-woman-should-know | how-to-start-strength-training-after-50
https://lonage.com/decluttering-with-resistant-partner/,decluttering-with-resistant-partner,Healthy aging,General guidance,weight-loss-after-60,weight-loss-after-60 | metabolism-changes-after-60 | skincare-anti-aging-products-women-over-50,menopause-blood-sugar-why-every-woman-should-know | how-to-start-strength-training-after-50
https://lonage.com/what-type-salad-dressings-can-diabetics-eat/,what-type-salad-dressings-can-diabetics-eat,Healthy aging,Nutrition strategy,weight-loss-after-60,weight-loss-after-60 | metabolism-changes-after-60 | skincare-anti-aging-products-women-over-50,menopause-blood-sugar-why-every-woman-should-know | how-to-start-strength-training-after-50
https://lonage.com/can-you-take-vitamin-d-on-an-empty-stomach-reddit/,can-you-take-vitamin-d-on-an-empty-stomach-reddit,Healthy aging,Nutrition strategy,weight-loss-after-60,weight-loss-after-60 | metabolism-changes-after-60 | skincare-anti-aging-products-women-over-50,menopause-blood-sugar-why-every-woman-should-know | how-to-start-strength-training-after-50
https://lonage.com/how-to-improve-memory-after-menopause/,how-to-improve-memory-after-menopause,Menopause,General guidance,menopause-blood-sugar-why-every-woman-should-know,menopause-blood-sugar-why-every-woman-should-know | best-supplements-for-menopause-belly-fat | menopause-after-50,weight-loss-after-60 | how-to-start-strength-training-after-50
https://lonage.com/3-morning-habits-that-secretly-drain-your-energy-after-50/,3-morning-habits-that-secretly-drain-your-energy-after-50,Healthy aging,General guidance,weight-loss-after-60,weight-loss-after-60 | metabolism-changes-after-60 | skincare-anti-aging-products-women-over-50,menopause-blood-sugar-why-every-woman-should-know | how-to-start-strength-training-after-50
https://lonage.com/strength-training-women-50/,strength-training-women-50,Fitness,Strength & movement,how-to-start-strength-training-after-50,how-to-start-strength-training-after-50 | strength-training-women-over-60 | chair-sitting-exercise-for-belly-fat,menopause-blood-sugar-why-every-woman-should-know | weight-loss-after-60
https://lonage.com/finding-your-tribe-after-50/,finding-your-tribe-after-50,Healthy aging,General guidance,weight-loss-after-60,weight-loss-after-60 | metabolism-changes-after-60 | skincare-anti-aging-products-women-over-50,menopause-blood-sugar-why-every-woman-should-know | how-to-start-strength-training-after-50
https://lonage.com/finding-purpose-after-50/,finding-purpose-after-50,Healthy aging,General guidance,weight-loss-after-60,weight-loss-after-60 | metabolism-changes-after-60 | skincare-anti-aging-products-women-over-50,menopause-blood-sugar-why-every-woman-should-know | how-to-start-strength-training-after-50
https://lonage.com/reinventing-yourself-after-50/,reinventing-yourself-after-50,Healthy aging,General guidance,weight-loss-after-60,weight-loss-after-60 | metabolism-changes-after-60 | skincare-anti-aging-products-women-over-50,menopause-blood-sugar-why-every-woman-should-know | how-to-start-strength-training-after-50
https://lonage.com/what-is-grandmothers-typical-personality-redefining-role/,what-is-grandmothers-typical-personality-redefining-role,Healthy aging,General guidance,weight-loss-after-60,weight-loss-after-60 | metabolism-changes-after-60 | skincare-anti-aging-products-women-over-50,menopause-blood-sugar-why-every-woman-should-know | how-to-start-strength-training-after-50
https://lonage.com/grandma-great-grandma-thriving-through-generations/,grandma-great-grandma-thriving-through-generations,Healthy aging,Nutrition strategy,weight-loss-after-60,weight-loss-after-60 | metabolism-changes-after-60 | skincare-anti-aging-products-women-over-50,menopause-blood-sugar-why-every-woman-should-know | how-to-start-strength-training-after-50
https://lonage.com/healthy-foods-to-eat-during-menopause/,healthy-foods-to-eat-during-menopause,Menopause,Nutrition strategy,menopause-blood-sugar-why-every-woman-should-know,menopause-blood-sugar-why-every-woman-should-know | best-supplements-for-menopause-belly-fat | menopause-after-50,weight-loss-after-60 | how-to-start-strength-training-after-50
https://lonage.com/blue-light-blocking-strategies-better-sleep-50/,blue-light-blocking-strategies-better-sleep-50,Sleep,Sleep optimization,blue-light-blocking-strategies-better-sleep-50,,menopause-blood-sugar-why-every-woman-should-know | weight-loss-after-60
https://lonage.com/hormones-weight-loss-women-over-60/,hormones-weight-loss-women-over-60,Women's wellness,Metabolic health,vital-vitamins-women-50-breakfast,vital-vitamins-women-50-breakfast | makeup-tutorial-for-women-over-50 | skin-care-guide-for-women-over-50,menopause-blood-sugar-why-every-woman-should-know | weight-loss-after-60
https://lonage.com/50-year-old-woman/,50-year-old-woman,Healthy aging,General guidance,weight-loss-after-60,weight-loss-after-60 | metabolism-changes-after-60 | skincare-anti-aging-products-women-over-50,menopause-blood-sugar-why-every-woman-should-know | how-to-start-strength-training-after-50
https://lonage.com/dark-showering-benefits-women-over-50/,dark-showering-benefits-women-over-50,Healthy aging,General guidance,weight-loss-after-60,weight-loss-after-60 | metabolism-changes-after-60 | skincare-anti-aging-products-women-over-50,menopause-blood-sugar-why-every-woman-should-know | how-to-start-strength-training-after-50
https://lonage.com/mental-clarity-after-50/,mental-clarity-after-50,Healthy aging,General guidance,weight-loss-after-60,weight-loss-after-60 | metabolism-changes-after-60 | skincare-anti-aging-products-women-over-50,menopause-blood-sugar-why-every-woman-should-know | how-to-start-strength-training-after-50
https://lonage.com/perimenopause-brain-fog-memory-help/,perimenopause-brain-fog-memory-help,Menopause,General guidance,menopause-blood-sugar-why-every-woman-should-know,menopause-blood-sugar-why-every-woman-should-know | best-supplements-for-menopause-belly-fat | menopause-after-50,weight-loss-after-60 | how-to-start-strength-training-after-50
https://lonage.com/why-life-feels-different-after-50-brain-hormones-mindset/,why-life-feels-different-after-50-brain-hormones-mindset,Healthy aging,General guidance,weight-loss-after-60,weight-loss-after-60 | metabolism-changes-after-60 | skincare-anti-aging-products-women-over-50,menopause-blood-sugar-why-every-woman-should-know | how-to-start-strength-training-after-50
https://lonage.com/self-compassion-after-50/,self-compassion-after-50,Healthy aging,General guidance,weight-loss-after-60,weight-loss-after-60 | metabolism-changes-after-60 | skincare-anti-aging-products-women-over-50,menopause-blood-sugar-why-every-woman-should-know | how-to-start-strength-training-after-50
https://lonage.com/mindset-after-50-thriving-guide/,mindset-after-50-thriving-guide,Healthy aging,General guidance,weight-loss-after-60,weight-loss-after-60 | metabolism-changes-after-60 | skincare-anti-aging-products-women-over-50,menopause-blood-sugar-why-every-woman-should-know | how-to-start-strength-training-after-50
https://lonage.com/how-to-stop-joint-pain-when-it-rains/,how-to-stop-joint-pain-when-it-rains,Recovery,Mobility & joint support,supplements-menopause-joint-pain-relief,supplements-menopause-joint-pain-relief,menopause-blood-sugar-why-every-woman-should-know | weight-loss-after-60
https://lonage.com/mood-swings-after-50/,mood-swings-after-50,Healthy aging,General guidance,weight-loss-after-60,weight-loss-after-60 | metabolism-changes-after-60 | skincare-anti-aging-products-women-over-50,menopause-blood-sugar-why-every-woman-should-know | how-to-start-strength-training-after-50
